<?xml version="1.0" encoding="utf-8"?>
<Dependencies>
  <ProductDependencies>
    <Dependency Name="Microsoft.TemplateEngine.Abstractions" Version="8.0.100-alpha.1.22464.22">
      <Uri>https://github.com/dotnet/templating</Uri>
      <Sha>1ebdcbced539b66ff368c203020f48a838c68ef8</Sha>
      <SourceBuild RepoName="templating" ManagedOnly="true" />
    </Dependency>
    <Dependency Name="Microsoft.NETCore.App.Ref" Version="8.0.0-alpha.1.22463.9">
      <Uri>https://github.com/dotnet/runtime</Uri>
      <Sha>67d2570ccfbabda2fc80b783471596d3481ffeb2</Sha>
    </Dependency>
    <Dependency Name="VS.Redist.Common.NetCore.SharedFramework.x64.8.0" Version="8.0.0-alpha.1.22463.9">
      <Uri>https://github.com/dotnet/runtime</Uri>
      <Sha>67d2570ccfbabda2fc80b783471596d3481ffeb2</Sha>
    </Dependency>
    <Dependency Name="VS.Redist.Common.NetCore.TargetingPack.x64.8.0" Version="8.0.0-alpha.1.22463.9">
      <Uri>https://github.com/dotnet/runtime</Uri>
      <Sha>67d2570ccfbabda2fc80b783471596d3481ffeb2</Sha>
    </Dependency>
    <Dependency Name="Microsoft.NETCore.App.Runtime.win-x64" Version="8.0.0-alpha.1.22463.9">
      <Uri>https://github.com/dotnet/runtime</Uri>
      <Sha>67d2570ccfbabda2fc80b783471596d3481ffeb2</Sha>
    </Dependency>
    <Dependency Name="Microsoft.NETCore.App.Host.win-x64" Version="8.0.0-alpha.1.22463.9">
      <Uri>https://github.com/dotnet/runtime</Uri>
      <Sha>67d2570ccfbabda2fc80b783471596d3481ffeb2</Sha>
    </Dependency>
    <Dependency Name="Microsoft.NETCore.Platforms" Version="8.0.0-alpha.1.22463.9">
      <Uri>https://github.com/dotnet/runtime</Uri>
      <Sha>67d2570ccfbabda2fc80b783471596d3481ffeb2</Sha>
    </Dependency>
    <Dependency Name="Microsoft.NET.HostModel" Version="8.0.0-alpha.1.22463.9">
      <Uri>https://github.com/dotnet/runtime</Uri>
      <Sha>67d2570ccfbabda2fc80b783471596d3481ffeb2</Sha>
    </Dependency>
    <Dependency Name="Microsoft.Extensions.DependencyModel" Version="8.0.0-alpha.1.22463.9">
      <Uri>https://github.com/dotnet/runtime</Uri>
      <Sha>67d2570ccfbabda2fc80b783471596d3481ffeb2</Sha>
    </Dependency>
    <Dependency Name="Microsoft.NETCore.DotNetHostResolver" Version="8.0.0-alpha.1.22463.9">
      <Uri>https://github.com/dotnet/runtime</Uri>
      <Sha>67d2570ccfbabda2fc80b783471596d3481ffeb2</Sha>
    </Dependency>
    <Dependency Name="Microsoft.Build" Version="17.4.0-preview-22458-02">
      <Uri>https://github.com/dotnet/msbuild</Uri>
      <Sha>a3b647d766676a735211a42aa0726d1d940ed13d</Sha>
    </Dependency>
    <Dependency Name="Microsoft.Build.Localization" Version="17.4.0-preview-22458-02">
      <Uri>https://github.com/dotnet/msbuild</Uri>
      <Sha>a3b647d766676a735211a42aa0726d1d940ed13d</Sha>
    </Dependency>
    <Dependency Name="Microsoft.FSharp.Compiler" Version="12.0.5-beta.22464.7">
      <Uri>https://github.com/dotnet/fsharp</Uri>
      <Sha>430d645d778ec0db10ad7ad0b02de9fab3ce5647</Sha>
    </Dependency>
    <Dependency Name="Microsoft.SourceBuild.Intermediate.fsharp" Version="7.0.0-beta.22464.7">
      <Uri>https://github.com/dotnet/fsharp</Uri>
      <Sha>430d645d778ec0db10ad7ad0b02de9fab3ce5647</Sha>
      <SourceBuild RepoName="fsharp" ManagedOnly="true" />
    </Dependency>
    <Dependency Name="dotnet-format" Version="7.0.346401">
      <Uri>https://github.com/dotnet/format</Uri>
      <Sha>b2c62dccc3261307096b2a67ae3f91dd9b0f98e6</Sha>
      <SourceBuildTarball RepoName="format" ManagedOnly="true" />
    </Dependency>
    <Dependency Name="Microsoft.Net.Compilers.Toolset" Version="4.4.0-2.22464.20">
      <Uri>https://github.com/dotnet/roslyn</Uri>
      <Sha>91902d4dd2c07549fb64357ed5c3a0ee9d7c3610</Sha>
      <SourceBuild RepoName="roslyn" ManagedOnly="true" />
    </Dependency>
    <Dependency Name="Microsoft.CodeAnalysis" Version="4.4.0-2.22464.20">
      <Uri>https://github.com/dotnet/roslyn</Uri>
      <Sha>91902d4dd2c07549fb64357ed5c3a0ee9d7c3610</Sha>
    </Dependency>
    <Dependency Name="Microsoft.CodeAnalysis.CSharp" Version="4.4.0-2.22464.20">
      <Uri>https://github.com/dotnet/roslyn</Uri>
      <Sha>91902d4dd2c07549fb64357ed5c3a0ee9d7c3610</Sha>
    </Dependency>
    <Dependency Name="Microsoft.CodeAnalysis.CSharp.CodeStyle" Version="4.4.0-2.22464.20">
      <Uri>https://github.com/dotnet/roslyn</Uri>
      <Sha>91902d4dd2c07549fb64357ed5c3a0ee9d7c3610</Sha>
    </Dependency>
    <Dependency Name="Microsoft.CodeAnalysis.CSharp.Features" Version="4.4.0-2.22464.20">
      <Uri>https://github.com/dotnet/roslyn</Uri>
      <Sha>91902d4dd2c07549fb64357ed5c3a0ee9d7c3610</Sha>
    </Dependency>
    <Dependency Name="Microsoft.CodeAnalysis.CSharp.Workspaces" Version="4.4.0-2.22464.20">
      <Uri>https://github.com/dotnet/roslyn</Uri>
      <Sha>91902d4dd2c07549fb64357ed5c3a0ee9d7c3610</Sha>
    </Dependency>
    <Dependency Name="Microsoft.CodeAnalysis.Workspaces.MSBuild" Version="4.4.0-2.22464.20">
      <Uri>https://github.com/dotnet/roslyn</Uri>
      <Sha>91902d4dd2c07549fb64357ed5c3a0ee9d7c3610</Sha>
    </Dependency>
    <Dependency Name="Microsoft.AspNetCore.DeveloperCertificates.XPlat" Version="8.0.0-alpha.1.22464.27">
      <Uri>https://github.com/dotnet/aspnetcore</Uri>
      <Sha>31fbf0f14b009e2d97d90f7b7ed05ec6d93ae731</Sha>
    </Dependency>
    <Dependency Name="Microsoft.AspNetCore.TestHost" Version="8.0.0-alpha.1.22464.27">
      <Uri>https://github.com/dotnet/aspnetcore</Uri>
      <Sha>31fbf0f14b009e2d97d90f7b7ed05ec6d93ae731</Sha>
    </Dependency>
    <Dependency Name="NuGet.Build.Tasks" Version="6.4.0-preview.3.80">
      <Uri>https://github.com/nuget/nuget.client</Uri>
      <Sha>d22c6743bf6237c39b98d5d680e06e6c33e97f1c</Sha>
    </Dependency>
    <Dependency Name="Microsoft.NET.Test.Sdk" Version="17.4.0-preview-20220915-01">
      <Uri>https://github.com/microsoft/vstest</Uri>
      <Sha>3c560f92eb7832d353f9cbeaa120b234e02ef027</Sha>
    </Dependency>
    <Dependency Name="Microsoft.NET.ILLink.Tasks" Version="7.0.100-1.22458.1">
      <Uri>https://github.com/dotnet/linker</Uri>
      <Sha>a9060d14067758ca17f8da072f4d2aa238b90045</Sha>
      <SourceBuild RepoName="linker" ManagedOnly="true" />
    </Dependency>
    <Dependency Name="Microsoft.DotNet.ILCompiler" Version="8.0.0-alpha.1.22463.9">
      <Uri>https://github.com/dotnet/runtime</Uri>
      <Sha>67d2570ccfbabda2fc80b783471596d3481ffeb2</Sha>
      <SourceBuildTarball RepoName="runtime" ManagedOnly="true" />
    </Dependency>
    <Dependency Name="Microsoft.NET.ILLink.Analyzers" Version="7.0.100-1.22458.1">
      <Uri>https://github.com/dotnet/linker</Uri>
      <Sha>a9060d14067758ca17f8da072f4d2aa238b90045</Sha>
    </Dependency>
    <Dependency Name="System.CodeDom" Version="8.0.0-alpha.1.22463.9">
      <Uri>https://github.com/dotnet/runtime</Uri>
      <Sha>67d2570ccfbabda2fc80b783471596d3481ffeb2</Sha>
    </Dependency>
    <Dependency Name="System.Security.Cryptography.ProtectedData" Version="8.0.0-alpha.1.22463.9">
      <Uri>https://github.com/dotnet/runtime</Uri>
      <Sha>67d2570ccfbabda2fc80b783471596d3481ffeb2</Sha>
    </Dependency>
    <Dependency Name="System.Text.Encoding.CodePages" Version="8.0.0-alpha.1.22463.9">
      <Uri>https://github.com/dotnet/runtime</Uri>
      <Sha>67d2570ccfbabda2fc80b783471596d3481ffeb2</Sha>
    </Dependency>
    <Dependency Name="System.Resources.Extensions" Version="8.0.0-alpha.1.22463.9">
      <Uri>https://github.com/dotnet/runtime</Uri>
      <Sha>67d2570ccfbabda2fc80b783471596d3481ffeb2</Sha>
    </Dependency>
    <Dependency Name="Microsoft.WindowsDesktop.App.Runtime.win-x64" Version="8.0.0-alpha.1.22464.1">
      <Uri>https://github.com/dotnet/windowsdesktop</Uri>
      <Sha>553cea01a5aded33ab2f1d089402e7f52a0fb3a2</Sha>
    </Dependency>
    <Dependency Name="VS.Redist.Common.WindowsDesktop.SharedFramework.x64.8.0" Version="8.0.0-alpha.1.22464.1">
      <Uri>https://github.com/dotnet/windowsdesktop</Uri>
      <Sha>553cea01a5aded33ab2f1d089402e7f52a0fb3a2</Sha>
    </Dependency>
    <Dependency Name="Microsoft.WindowsDesktop.App.Ref" Version="8.0.0-alpha.1.22464.1">
      <Uri>https://github.com/dotnet/windowsdesktop</Uri>
      <Sha>553cea01a5aded33ab2f1d089402e7f52a0fb3a2</Sha>
    </Dependency>
    <Dependency Name="VS.Redist.Common.WindowsDesktop.TargetingPack.x64.8.0" Version="8.0.0-alpha.1.22464.1">
      <Uri>https://github.com/dotnet/windowsdesktop</Uri>
      <Sha>553cea01a5aded33ab2f1d089402e7f52a0fb3a2</Sha>
    </Dependency>
    <Dependency Name="Microsoft.NET.Sdk.WindowsDesktop" Version="8.0.0-alpha.1.22456.6" CoherentParentDependency="Microsoft.WindowsDesktop.App.Ref">
      <Uri>https://github.com/dotnet/wpf</Uri>
      <Sha>2bdc217aadcb53ff6f45808dc1edefe433e60695</Sha>
    </Dependency>
    <Dependency Name="Microsoft.AspNetCore.App.Ref" Version="8.0.0-alpha.1.22464.27">
      <Uri>https://github.com/dotnet/aspnetcore</Uri>
      <Sha>31fbf0f14b009e2d97d90f7b7ed05ec6d93ae731</Sha>
    </Dependency>
    <Dependency Name="Microsoft.AspNetCore.App.Ref.Internal" Version="8.0.0-alpha.1.22464.27">
      <Uri>https://github.com/dotnet/aspnetcore</Uri>
      <Sha>31fbf0f14b009e2d97d90f7b7ed05ec6d93ae731</Sha>
    </Dependency>
    <Dependency Name="Microsoft.AspNetCore.App.Runtime.win-x64" Version="8.0.0-alpha.1.22464.27">
      <Uri>https://github.com/dotnet/aspnetcore</Uri>
      <Sha>31fbf0f14b009e2d97d90f7b7ed05ec6d93ae731</Sha>
    </Dependency>
    <Dependency Name="VS.Redist.Common.AspNetCore.SharedFramework.x64.8.0" Version="8.0.0-alpha.1.22464.27">
      <Uri>https://github.com/dotnet/aspnetcore</Uri>
      <Sha>31fbf0f14b009e2d97d90f7b7ed05ec6d93ae731</Sha>
      <SourceBuild RepoName="aspnetcore" ManagedOnly="true" />
    </Dependency>
    <Dependency Name="dotnet-dev-certs" Version="8.0.0-alpha.1.22464.27">
      <Uri>https://github.com/dotnet/aspnetcore</Uri>
      <Sha>31fbf0f14b009e2d97d90f7b7ed05ec6d93ae731</Sha>
    </Dependency>
    <Dependency Name="dotnet-user-jwts" Version="8.0.0-alpha.1.22464.27">
      <Uri>https://github.com/dotnet/aspnetcore</Uri>
      <Sha>31fbf0f14b009e2d97d90f7b7ed05ec6d93ae731</Sha>
    </Dependency>
    <Dependency Name="dotnet-user-secrets" Version="8.0.0-alpha.1.22464.27">
      <Uri>https://github.com/dotnet/aspnetcore</Uri>
      <Sha>31fbf0f14b009e2d97d90f7b7ed05ec6d93ae731</Sha>
    </Dependency>
    <Dependency Name="Microsoft.AspNetCore.Analyzers" Version="8.0.0-alpha.1.22464.27">
      <Uri>https://github.com/dotnet/aspnetcore</Uri>
      <Sha>31fbf0f14b009e2d97d90f7b7ed05ec6d93ae731</Sha>
    </Dependency>
    <Dependency Name="Microsoft.AspNetCore.Components.SdkAnalyzers" Version="8.0.0-alpha.1.22464.27">
      <Uri>https://github.com/dotnet/aspnetcore</Uri>
      <Sha>31fbf0f14b009e2d97d90f7b7ed05ec6d93ae731</Sha>
    </Dependency>
    <Dependency Name="Microsoft.AspNetCore.Mvc.Analyzers" Version="8.0.0-alpha.1.22464.27">
      <Uri>https://github.com/dotnet/aspnetcore</Uri>
      <Sha>31fbf0f14b009e2d97d90f7b7ed05ec6d93ae731</Sha>
    </Dependency>
    <Dependency Name="Microsoft.AspNetCore.Mvc.Api.Analyzers" Version="8.0.0-alpha.1.22464.27">
      <Uri>https://github.com/dotnet/aspnetcore</Uri>
      <Sha>31fbf0f14b009e2d97d90f7b7ed05ec6d93ae731</Sha>
    </Dependency>
    <Dependency Name="Microsoft.CodeAnalysis.Razor.Tooling.Internal" Version="7.0.0-preview.5.22412.2">
      <Uri>https://github.com/dotnet/razor-compiler</Uri>
      <Sha>a41514681a4db83c7cae7e17debf668d12efc1bb</Sha>
      <SourceBuild RepoName="razor-compiler" ManagedOnly="true" />
    </Dependency>
    <Dependency Name="Microsoft.AspNetCore.Mvc.Razor.Extensions.Tooling.Internal" Version="7.0.0-preview.5.22412.2">
      <Uri>https://github.com/dotnet/razor-compiler</Uri>
      <Sha>a41514681a4db83c7cae7e17debf668d12efc1bb</Sha>
    </Dependency>
    <Dependency Name="Microsoft.AspNetCore.Razor.SourceGenerator.Tooling.Internal" Version="7.0.0-preview.5.22412.2">
      <Uri>https://github.com/dotnet/razor-compiler</Uri>
      <Sha>a41514681a4db83c7cae7e17debf668d12efc1bb</Sha>
    </Dependency>
    <Dependency Name="Microsoft.NET.Sdk.Razor.SourceGenerators.Transport" Version="7.0.0-preview.5.22412.2">
      <Uri>https://github.com/dotnet/razor-compiler</Uri>
      <Sha>a41514681a4db83c7cae7e17debf668d12efc1bb</Sha>
    </Dependency>
    <Dependency Name="Microsoft.Extensions.FileProviders.Embedded" Version="8.0.0-alpha.1.22464.27">
      <Uri>https://github.com/dotnet/aspnetcore</Uri>
      <Sha>31fbf0f14b009e2d97d90f7b7ed05ec6d93ae731</Sha>
    </Dependency>
    <Dependency Name="Microsoft.AspNetCore.Authorization" Version="8.0.0-alpha.1.22464.27">
      <Uri>https://github.com/dotnet/aspnetcore</Uri>
      <Sha>31fbf0f14b009e2d97d90f7b7ed05ec6d93ae731</Sha>
    </Dependency>
    <Dependency Name="Microsoft.AspNetCore.Components.Web" Version="8.0.0-alpha.1.22464.27">
      <Uri>https://github.com/dotnet/aspnetcore</Uri>
      <Sha>31fbf0f14b009e2d97d90f7b7ed05ec6d93ae731</Sha>
    </Dependency>
    <Dependency Name="Microsoft.JSInterop" Version="8.0.0-alpha.1.22464.27">
      <Uri>https://github.com/dotnet/aspnetcore</Uri>
      <Sha>31fbf0f14b009e2d97d90f7b7ed05ec6d93ae731</Sha>
    </Dependency>
    <Dependency Name="Microsoft.Web.Xdt" Version="7.0.0-preview.22423.2" Pinned="true">
      <Uri>https://github.com/dotnet/xdt</Uri>
      <Sha>9a1c3e1b7f0c8763d4c96e593961a61a72679a7b</Sha>
      <SourceBuild RepoName="xdt" ManagedOnly="true" />
    </Dependency>
    <Dependency Name="Microsoft.CodeAnalysis.NetAnalyzers" Version="7.0.0-preview1.22464.1">
      <Uri>https://github.com/dotnet/roslyn-analyzers</Uri>
      <Sha>f03b023215e196666a51422752a6f94b31805980</Sha>
    </Dependency>
    <Dependency Name="Microsoft.SourceBuild.Intermediate.roslyn-analyzers" Version="3.3.4-beta1.22464.1">
      <Uri>https://github.com/dotnet/roslyn-analyzers</Uri>
      <Sha>f03b023215e196666a51422752a6f94b31805980</Sha>
      <SourceBuild RepoName="roslyn-analyzers" ManagedOnly="true" />
    </Dependency>
    <Dependency Name="System.CommandLine" Version="2.0.0-beta4.22457.1">
      <Uri>https://github.com/dotnet/command-line-api</Uri>
      <Sha>1d98a75ce2b109a2d7c18d81fac3f279be095e4e</Sha>
    </Dependency>
    <Dependency Name="Microsoft.SourceBuild.Intermediate.command-line-api" Version="0.1.345701">
      <Uri>https://github.com/dotnet/command-line-api</Uri>
      <Sha>1d98a75ce2b109a2d7c18d81fac3f279be095e4e</Sha>
      <SourceBuild RepoName="command-line-api" ManagedOnly="true" />
    </Dependency>
    <Dependency Name="Microsoft.SourceBuild.Intermediate.source-build-externals" Version="8.0.0-alpha.1.22463.4">
      <Uri>https://github.com/dotnet/source-build-externals</Uri>
      <Sha>4663cca8b51b481bfd5e82695d2027d05688b5de</Sha>
      <SourceBuild RepoName="source-build-externals" ManagedOnly="true" />
    </Dependency>
  </ProductDependencies>
  <ToolsetDependencies>
    <Dependency Name="Microsoft.DotNet.Arcade.Sdk" Version="8.0.0-beta.22463.5">
      <Uri>https://github.com/dotnet/arcade</Uri>
      <Sha>c670c5bf5cff7c5c2ca086fd41cc1ace90761576</Sha>
      <SourceBuild RepoName="arcade" ManagedOnly="true" />
    </Dependency>
    <Dependency Name="Microsoft.DotNet.Helix.Sdk" Version="8.0.0-beta.22463.5">
      <Uri>https://github.com/dotnet/arcade</Uri>
      <Sha>c670c5bf5cff7c5c2ca086fd41cc1ace90761576</Sha>
    </Dependency>
    <Dependency Name="Microsoft.DotNet.SignTool" Version="8.0.0-beta.22463.5">
      <Uri>https://github.com/dotnet/arcade</Uri>
      <Sha>c670c5bf5cff7c5c2ca086fd41cc1ace90761576</Sha>
    </Dependency>
    <Dependency Name="Microsoft.DotNet.XUnitExtensions" Version="8.0.0-beta.22463.5">
      <Uri>https://github.com/dotnet/arcade</Uri>
      <Sha>c670c5bf5cff7c5c2ca086fd41cc1ace90761576</Sha>
    </Dependency>
    <Dependency Name="System.Reflection.MetadataLoadContext" Version="8.0.0-alpha.1.22463.9">
      <Uri>https://github.com/dotnet/runtime</Uri>
      <Sha>67d2570ccfbabda2fc80b783471596d3481ffeb2</Sha>
    </Dependency>
    <Dependency Name="Microsoft.DotNet.XliffTasks" Version="1.0.0-beta.22462.1" CoherentParentDependency="Microsoft.DotNet.Arcade.Sdk">
      <Uri>https://github.com/dotnet/xliff-tasks</Uri>
      <Sha>e1e30629021d58cfda76452755b75c89d6e307a8</Sha>
      <SourceBuild RepoName="xliff-tasks" ManagedOnly="true" />
    </Dependency>
  </ToolsetDependencies>
</Dependencies>
